<application>
  <component name="libraryTable">
    <library name="algs4">
      <CLASSES>
        <root url="jar://$USER_HOME$/Desktop/Android/algs4.jar!/" />
      </CLASSES>
      <JAVADOC />
      <SOURCES>
        <root url="jar://$USER_HOME$/Desktop/Android/algs4.jar!/" />
      </SOURCES>
    </library>
    <library name="algs41">
      <CLASSES>
        <root url="jar://$USER_HOME$/Desktop/algs4.jar!/" />
      </CLASSES>
      <JAVADOC />
      <SOURCES>
        <root url="jar://$USER_HOME$/Desktop/algs4.jar!/" />
      </SOURCES>
    </library>
  </component>
</application>