<application>
  <component name="MaterialThemeConfig">
    <option name="darkTitleBar" value="true" />
    <option name="isWizardShown" value="true" />
    <option name="overrideAccentColor" value="false" />
    <option name="pristineConfig" value="false" />
    <option name="settingsSelectedTab" value="6" />
    <option name="accentColor" value="80cbc4" />
    <option name="highlightColor" value="80cbc4" />
    <option name="selectedTheme" value="DARKER" />
    <option name="userId" value="-3dae6857:1685ac9fb37:-8000" />
    <option name="version" value="4.11.5" />
  </component>
</application>