<application>
  <component name="AppStorage">
    <histories>
      <item value="generate" />
      <item value="The initial index of the range (from) must lie between zero and original.length, inclusive" />
      <item value="Copies the specified range of the specified array into a new array" />
      <item value="Copies the specified range of the specified array into a new array. The initial index of the range (from) must lie between zero and original.length, inclusive. The value at original[from] is placed into the initial element of the copy (unless from == original.length or from == to). Values from subsequent elements in the original array are placed into subsequent elements in the copy. The final index of the range (to), which must be greater than or equal to from, may be greater than original.length, in which case null is placed in all elements of the copy whose index is greater than or equal to original.length - from. The length of the returned array will be to - from. The resulting array is of exactly the same class as the original array." />
      <item value="Copies the specified range of the specified array into a new array. The initial index of the range (from) must lie between zero and original.length, inclusive. The value at original[from] is placed into the initial element of the copy (unless from == original.length or from == to). Values from subsequent elements in the original array are placed into subsequent elements in the copy. The final index of the range (to), which must be greater than or equal to from, may be greater than original.length, in which case null is placed in all elements of the copy whose index is greater than or equal to original.length - from. The length of the returned array will be to - from.&#10;The resulting array is of exactly the same class as the original array." />
      <item value="copy Of Range" />
      <item value="oval" />
      <item value="coder" />
      <item value="pop" />
      <item value="board" />
      <item value="Assignable" />
      <item value="digits" />
      <item value="public static String backTrace(String prev, String digits) {" />
      <item value="pow" />
      <item value="poll" />
      <item value="Adds the specified element as the tail (last element) of this list" />
      <item value="offer" />
      <item value="Deque" />
      <item value="less" />
      <item value="current Time Millis" />
      <item value="milliseconds" />
      <item value="Returns the largest key in this symbol table less than or equal to" />
      <item value="floor" />
      <item value="pivot" />
      <item value="除了pivot" />
      <item value="partition" />
      <item value="This function takes last element as pivot, places the pivot element at its correct position in sorted array, and places all smaller (smaller than pivot) to left of pivot and all greater elements to right of pivot" />
      <item value="trim" />
      <item value="Nested" />
      <item value="Stub" />
      <item value="Texture View" />
      <item value="Lenient" />
      <item value="conceivably" />
      <item value="semantics" />
      <item value="upcasting" />
      <item value="invalidated" />
      <item value="on Handle Intent开始" />
      <item value="on Handle Intent结束" />
      <item value="portrait in screen" />
      <item value="portrait" />
      <item value="append" />
      <item value="Abstract base class for a top-level window look and behavior policy. An instance of this class should be used as the top-level view added to the window manager. It provides standard UI policies such as a background, title area, default key processing, etc. The only existing implementation of this abstract class is android.view.PhoneWindow, which you should instantiate when needing a Window." />
      <item value="layout inflater" />
      <item value="inflater" />
      <item value="inflater in android" />
      <item value="layout inflater in android" />
      <item value="layout inflate in android" />
      <item value="layout inflate" />
      <item value="inflate" />
      <item value="    // This is the view in which the window contents are placed. It is either     // mDecor itself, or a child of mDecor where the contents go." />
    </histories>
    <option name="languageScores">
      <map>
        <entry key="CHINESE" value="28" />
        <entry key="ENGLISH" value="29" />
        <entry key="CHINESE_TRADITIONAL" value="1" />
        <entry key="POLISH" value="1" />
        <entry key="LATIN" value="1" />
      </map>
    </option>
  </component>
</application>