<keymap version="1" name="Default copy" parent="$default">
  <action id="$EditorTranslateAction">
    <keyboard-shortcut first-keystroke="shift ctrl y" />
    <keyboard-shortcut first-keystroke="ctrl back_quote" />
  </action>
  <action id="ActivateLogcatToolWindow">
    <keyboard-shortcut first-keystroke="alt 6" />
  </action>
  <action id="ActivateTODOToolWindow" />
  <action id="Arrangement.Alias.Rule.Edit" />
  <action id="Arrangement.Rule.Edit" />
  <action id="Back">
    <keyboard-shortcut first-keystroke="f1" />
  </action>
  <action id="ChangesView.Diff" />
  <action id="CollapseAll">
    <keyboard-shortcut first-keystroke="ctrl subtract" />
  </action>
  <action id="CollapseExpandableComponent">
    <keyboard-shortcut first-keystroke="shift enter" />
    <keyboard-shortcut first-keystroke="ctrl subtract" />
  </action>
  <action id="CollapseRegion">
    <keyboard-shortcut first-keystroke="ctrl subtract" />
  </action>
  <action id="CompareTwoFiles" />
  <action id="ContextHelp" />
  <action id="Debugger.EditArrayFilter" />
  <action id="Debugger.EditCustomField" />
  <action id="Diff.ShowDiff" />
  <action id="DuplicatesForm.SendToLeft" />
  <action id="EditSource" />
  <action id="Editor EditorTranslateAction">
    <keyboard-shortcut first-keystroke="ctrl back_quote" />
  </action>
  <action id="EditorChooseLookupItemReplace" />
  <action id="EditorDeleteLine">
    <keyboard-shortcut first-keystroke="ctrl d" />
  </action>
  <action id="EditorDuplicate" />
  <action id="EditorTab" />
  <action id="ExpandAll">
    <keyboard-shortcut first-keystroke="ctrl add" />
  </action>
  <action id="ExpandAllRegions">
    <keyboard-shortcut first-keystroke="shift ctrl add" />
  </action>
  <action id="ExpandExpandableComponent">
    <keyboard-shortcut first-keystroke="shift enter" />
    <keyboard-shortcut first-keystroke="ctrl add" />
  </action>
  <action id="ExpandRegion">
    <keyboard-shortcut first-keystroke="ctrl add" />
  </action>
  <action id="ExpandRegionRecursively">
    <keyboard-shortcut first-keystroke="ctrl alt add" />
  </action>
  <action id="ExternalSystem.CollapseAll">
    <keyboard-shortcut first-keystroke="ctrl subtract" />
  </action>
  <action id="ExternalSystem.ExpandAll">
    <keyboard-shortcut first-keystroke="ctrl add" />
  </action>
  <action id="FileChooser.GotoDesktop" />
  <action id="FileChooser.GotoHome" />
  <action id="FileChooser.GotoModule" />
  <action id="FindUsages">
    <keyboard-shortcut first-keystroke="f7" />
  </action>
  <action id="Forward">
    <keyboard-shortcut first-keystroke="f2" />
  </action>
  <action id="Git.Reword.Commit">
    <keyboard-shortcut first-keystroke="shift f6" />
  </action>
  <action id="GoogleCloudTools.SampleImport">
    <keyboard-shortcut first-keystroke="ctrl y" />
  </action>
  <action id="GotoBookmark1" />
  <action id="GotoBookmark3" />
  <action id="GotoLine" />
  <action id="GotoNextError" />
  <action id="GotoSuperMethod">
    <keyboard-shortcut first-keystroke="ctrl u" />
    <keyboard-shortcut first-keystroke="alt u" />
  </action>
  <action id="Images.Editor.ZoomIn">
    <keyboard-shortcut first-keystroke="ctrl add" />
  </action>
  <action id="Images.Editor.ZoomOut">
    <keyboard-shortcut first-keystroke="ctrl subtract" />
  </action>
  <action id="ImplementMethods">
    <keyboard-shortcut first-keystroke="ctrl i" />
    <keyboard-shortcut first-keystroke="alt i" />
  </action>
  <action id="ImportProject">
    <keyboard-shortcut first-keystroke="ctrl back_slash" />
  </action>
  <action id="JumpToLastWindow" />
  <action id="Kotlin.NewFile">
    <keyboard-shortcut first-keystroke="ctrl equals" />
  </action>
  <action id="NewClass">
    <keyboard-shortcut first-keystroke="ctrl alt equals" />
    <keyboard-shortcut first-keystroke="shift ctrl equals" />
  </action>
  <action id="NewDir">
    <keyboard-shortcut first-keystroke="ctrl minus" />
  </action>
  <action id="NextDiff" />
  <action id="PinActiveTab">
    <keyboard-shortcut first-keystroke="ctrl 1" />
  </action>
  <action id="QuickChangeScheme" />
  <action id="Run">
    <keyboard-shortcut first-keystroke="shift f10" />
    <keyboard-shortcut first-keystroke="ctrl s" />
  </action>
  <action id="RunAnything">
    <keyboard-shortcut first-keystroke="ctrl 3" />
  </action>
  <action id="RunDashboard.CopyConfiguration" />
  <action id="SaveAll" />
  <action id="SendEOF" />
  <action id="ShelvedChanges.Rename">
    <keyboard-shortcut first-keystroke="shift f6" />
  </action>
  <action id="StepInto" />
  <action id="SurroundWith">
    <keyboard-shortcut first-keystroke="ctrl t" />
  </action>
  <action id="ToggleDistractionFreeMode">
    <keyboard-shortcut first-keystroke="f4" />
  </action>
  <action id="TranslatePlugin.TranslateAction">
    <keyboard-shortcut first-keystroke="alt t" />
  </action>
  <action id="Vcs.EditSource" />
  <action id="Vcs.UpdateProject" />
  <action id="XDebugger.CopyWatch" />
  <action id="XDebugger.EditWatch" />
  <action id="XDebugger.JumpToSource" />
  <action id="XDebugger.SetValue" />
  <action id="openAssertEqualsDiff" />
  <action id="template.create.FragmentFragment (Blank)">
    <keyboard-shortcut first-keystroke="f12" />
  </action>
</keymap>